{"rfw_id": "75172", "last_batch_id": 6, "data_samples": [65.44804395871792, 65.41555516773701, 66.21438134329622, 68.09846247933937, 70.27986756111888]}