{"rfw_id": "b03a4", "last_batch_id": 14, "data_samples": [52.55920329, 54.62667313, 56.5308754, 59.79922315, 65.1755611, 71.96460079, 78.35158355, 82.49842474, 83.65434354, 82.5136806, 80.56216915, 78.86795596, 77.22833615, 74.39085518]}